{
  "bleu_score": 0.4666666666666667,
  "f1_score": 0.796063196063196,
  "accuracy": 0.4666666666666667,
  "character_error_rate": 0.2056924066924067,
  "character_accuracy": 0.7943075933075933,
  "semantic_similarity": 0.7129365079365079,
  "avg_reference_length": 5.0,
  "avg_prediction_length": 5.2,
  "length_ratio": 1.04,
  "avg_processing_time": 2.284747346242269,
  "total_translations": 15,
  "successful_translations": 15,
  "source_language": "en",
  "target_language": "fr"
}